"Kabupaten","Intercept","RataLamaSekolah","PresentasePenduduk","PresentaseAksesGadget","PendudukMiskin","y","yhat","residual","CV_Score","Stud_residual","Intercept_SE","RataLamaSekolah_SE","PresentasePenduduk_SE","PresentaseAksesGadget_SE","PendudukMiskin_SE","Intercept_TV","RataLamaSekolah_TV","PresentasePenduduk_TV","PresentaseAksesGadget_TV","PendudukMiskin_TV","Local_R2","coords.x1","coords.x2","optional","Intercept_p_p","RataLamaSekolah_p_p","PresentasePenduduk_p_p","PresentaseAksesGadget_p_p","PendudukMiskin_p_p"
"Barru",-10184.6964233832,-1502.63817581819,2088.4770013632,-36.4601071142297,0.242379010338466,2992,3624.83489405266,-632.834894052662,0,-0.558507255033138,3888.0899331944,680.447831996103,467.982413217156,342.050007035769,0.0286686858441593,-2.61946009438511,-2.20830768379434,4.4627253981745,-0.106592914381718,8.45448625221326,0.9773803526253,119.694135925746,-4.44162978132249,TRUE,0.016,0.039,0,0.916,0
"Bone",-13844.8787122657,-692.040787798482,1680.53140314599,213.13901138751,0.21793317072542,15995,16136.9286244392,-141.928624439233,0,-0.307384296823542,3099.73512971144,641.632695670271,403.272447731077,318.954728157485,0.0329608541185605,-4.46647153157066,-1.07856222488094,4.16723585407615,0.668242206719292,6.611878743843,0.982416362794777,120.129823280492,-4.6950624496667,TRUE,0,0.294,0,0.512,0
"Bulukumba",-22406.0346232826,1224.15611523687,1154.66034375081,292.612686703684,0.198485816957393,8879,8528.18995490359,350.810045096408,0,0.355999099000708,3827.59345092424,954.457193082202,515.499703453509,394.629956170021,0.0430977030798225,-5.85381778670152,1.28256785543597,2.23988556349373,0.741486250926211,4.60548481179545,0.980275579307362,120.23599816354,-5.43247096691321,TRUE,0,0.214,0.037,0.467,0
"Enrekang",5382.12834770331,-2655.13922477461,1341.30983721073,361.959768424288,0.114018257617618,3194,3495.23894476734,-301.238944767342,0,-0.438294840357518,6453.74041399962,626.811046037628,358.13021335726,464.422188801265,0.0605519827702298,0.833954885453444,-4.23594836364008,3.74531326088558,0.779376561138377,1.88298140541939,0.974870167136515,119.872028710735,-3.50370842187311,TRUE,0.414,0,0.001,0.445,0.074
"Gowa",-21489.6298451381,2147.72122017497,617.507786309316,59.488428848741,0.213358646304012,15852,14445.9661714132,1406.03382858683,0,1.4944109044385,3547.13387145095,1052.5035286819,541.388670021871,379.269709556715,0.0418944518780065,-6.05830809434542,2.04058339154898,1.14059975855123,0.156849933832761,5.09276614777768,0.98871015415241,119.718683156806,-5.30927453582421,TRUE,0,0.055,0.268,0.877,0
"Jeneponto",-21572.8376262901,2227.24909288232,624.90755030939,62.954529198556,0.202696205875853,9431,10040.596884529,-609.596884529037,0,-1.10679103529496,3810.46784941097,1067.39362564287,539.343764812179,400.486992602187,0.0539539835747438,-5.66146690612411,2.0866239401991,1.15864424710093,0.157194941062893,3.75683485159261,0.98751594562323,119.698442166663,-5.56751975484052,TRUE,0,0.05,0.26,0.877,0.001
"Luwu Timur",-5389.12480825558,1744.26641927101,136.011659439777,-1071.97112213797,0.227773963069865,4646,4647.47662569791,-1.47662569790737,0,-0.0434989451986453,13741.9459471368,2316.73480157178,626.42602724963,766.463324868806,0.145650413301356,-0.392166060686509,0.752898613206662,0.217123257213539,-1.39859414972198,1.56384014234544,0.99985853190495,121.138440148944,-2.5506973677895,TRUE,0.699,0.46,0.83,0.177,0.134
"Luwu Utara",-3581.9492428978,729.007310084475,280.299579684135,-548.938147578985,0.181655897205218,6423,6407.36215252281,15.6378474771918,0,0.0993445093370062,13246.9438841697,2170.08206424784,634.553385613745,595.04858101046,0.131539148160679,-0.270398159320225,0.335935364885452,0.441727340896664,-0.922509800202911,1.38100253609153,0.997836728796677,120.160886867413,-2.39524915173419,TRUE,0.79,0.74,0.663,0.367,0.183
"Luwu",5200.64475208044,-2361.07679042847,1145.33384019979,401.193285038668,0.0872565659170503,7144,6875.95750219166,268.042497808337,0,0.711296209404555,8113.30700825623,685.592140813503,337.6632984468,495.8380893591,0.0670770273102647,0.641001843858266,-3.44385043216349,3.39194056762505,0.809121553282108,1.30084127779613,0.988636157918632,120.182514155374,-3.19849000614874,TRUE,0.529,0.003,0.003,0.428,0.208
"Makassar",-22649.9865143649,2058.11637772289,601.024855471401,152.625367372115,0.224262473119773,27764,27554.0938278603,209.906172139668,0,0.761222204970894,3662.19230393576,980.894340380058,538.733795491051,383.923018339666,0.0426997874945838,-6.18481626156631,2.09820394816984,1.11562493480397,0.397541590582838,5.25207468885458,0.992019339238348,119.461148047695,-5.13341673094589,TRUE,0,0.049,0.278,0.695,0
"Maros",-22249.6490181081,1548.74183278146,837.388418022077,203.143151575503,0.227222704874347,8134,9353.17536598615,-1219.17536598615,0,-1.6327397653323,3388.04098917164,861.812034463551,463.879723958723,349.288088334184,0.0353627877707764,-6.56711329326273,1.79707612663531,1.80518435010664,0.581591981977766,6.42547489036264,0.988239296704161,119.724766390874,-5.00068852868167,TRUE,0,0.087,0.086,0.567,0
"Palopo",3364.30538545843,-1744.42900695021,874.110883857057,324.672202387771,0.0920323614388718,2205,2171.92299518898,33.0770048110226,0,0.183128995045347,8969.71772610811,836.444387381374,333.208359474465,507.444855368024,0.0728283453664074,0.375073718949479,-2.08552897630341,2.62331618941284,0.639817704235671,1.26368875986193,0.994451707177509,120.147894322684,-2.98046933681441,TRUE,0.712,0.05,0.016,0.53,0.221
"Pangkep",-21387.9551488691,903.53161309823,1103.46400074609,212.675959852048,0.245208770414354,11418,12548.367139007,-1130.36713900697,0,-1.2633921231973,3484.38579156464,841.165394559704,464.544962868197,346.121800820409,0.0335841414081664,-6.1382282067179,1.07414263466125,2.37536533370865,0.614454100689248,7.30132616565056,0.987234443548892,119.629709113887,-4.79072492739043,TRUE,0,0.296,0.028,0.546,0
"Pare Pare",-460.519289331467,-2524.49452073114,1977.97051786101,31.5500767025842,0.19594827338526,2139,1869.64419670275,269.355803297247,0,0.720508698909106,5931.19608110718,682.245665809014,414.954854350628,382.507659941079,0.0364744844490201,-0.0776435786364193,-3.7002719800903,4.76671256432554,0.0824822088724814,5.37220131676253,0.966775512880345,119.661601801644,-4.02935070181824,TRUE,0.939,0.001,0,0.935,0
"Pinrang",4042.16210023363,-2568.09688739023,1368.53485404887,359.183247627222,0.128036291722898,8841,8823.58744237578,17.4125576242186,0,0.0289727223051752,6698.87897637983,683.247643724455,381.370050776776,435.561470623123,0.0675507145794181,0.603408736668665,-3.75866190096356,3.58846965371672,0.82464421637976,1.89540987863819,0.974492112545742,119.599906632857,-3.62242102152614,TRUE,0.553,0.001,0.002,0.419,0.073
"Kepulauan Selayar",-27884.7209613839,864.884663974604,1685.31343558752,616.948203456312,0.16229735816772,1473,1497.42050764156,-24.4205076415597,0,-0.255271252857582,6238.81205305615,1090.72523038709,594.190874389272,729.599105278308,0.0925039137906571,-4.46955617900434,0.792944583914745,2.83631659156619,0.845598903552623,1.75449179950386,0.995901252017395,120.492959568907,-6.09418460961955,TRUE,0,0.437,0.01,0.408,0.095
"Sidrap",4578.09241957801,-2879.57471950482,1767.27981286634,119.006211673066,0.158585904728997,5804,7086.85732067033,-1282.85732067033,0,-1.44027791443505,5910.99597029274,655.203071387813,394.013586335324,424.772851597617,0.0497389987682455,0.774504405448154,-4.39493470841867,4.48532709063059,0.280164354255388,3.18836141973654,0.960321393279592,119.97147190317,-3.80727777410284,TRUE,0.448,0,0,0.782,0.005
"Sinjai",-21216.1195451481,1460.09855491404,957.302814836671,179.406849992452,0.207809284008386,4631,4766.54190461521,-135.541904615211,0,-0.203230135813619,3529.36133835312,1023.88127517941,533.012732571556,360.007945289804,0.0362970163710216,-6.01131975765565,1.42604283358752,1.79602241435791,0.49834136257196,5.72524424278283,0.983386361415767,120.135871117758,-5.20974561013907,TRUE,0,0.169,0.088,0.624,0
"Soppeng",-4268.80855496632,-2323.41016627641,2246.77874747201,-73.4762917370899,0.224376141127347,3331,2005.70232787572,1325.29767212428,0,1.54018272185178,4781.73596523483,674.78762590513,489.945974100371,352.026155306559,0.0298710519703958,-0.892731967219082,-3.44317245468141,4.58576836272102,-0.208723955960328,7.51149110348436,0.971944839664128,119.892102919849,-4.33903463407943,TRUE,0.383,0.003,0,0.837,0
"Takalar",-21251.5459797868,2696.17027519402,346.146394971231,-38.7350090115142,0.21130043735517,6205,6041.85841687323,163.141583126774,0,0.163335089481383,3765.98133843929,1219.26511080643,628.655326397637,415.617296830136,0.0532709963040631,-5.64303008166098,2.2113076567989,0.550613954000425,-0.0931987415031605,3.96651934476874,0.991627345892248,119.476480927249,-5.41818512784559,TRUE,0,0.039,0.588,0.927,0.001
"Toraja Utara",2177.23439347761,-1641.96356781147,866.844895804362,335.650885508072,0.0981911984423744,3295,3028.64598618784,266.35401381216,0,0.41553537802875,9957.63536716138,977.777901707826,346.448629876383,599.514990540885,0.0776388062174511,0.218649740947311,-1.67928070878218,2.50208781634859,0.559870713500002,1.26471803504243,0.995705668713228,119.868921534767,-2.88817151679415,TRUE,0.829,0.109,0.021,0.582,0.221
"Tanah Toraja",3716.25270264482,-2279.68302096591,1154.97146179744,428.366390007642,0.0982572944014879,2421,2650.52046092929,-229.520460929291,0,-0.492159530993789,8777.47466451262,791.96508867585,359.228164929778,525.645059184963,0.0674111175056182,0.423385181351722,-2.87851453752526,3.2151472923155,0.814934683628233,1.45758293345751,0.992811491277182,119.712368704871,-3.1085025204484,TRUE,0.677,0.009,0.004,0.425,0.161
"Wajo",2279.54730093779,-2974.24067975694,2302.47427534516,-200.529834683442,0.207117043042072,12331,11566.4441609657,764.555839034279,0,1.28875733669906,6467.44388827082,678.733724626756,666.005728195104,515.046749122003,0.0489764703021953,0.352464952200345,-4.38204346099424,3.45713884711613,-0.389342977167188,4.22890914278052,0.96024745036825,120.171020905148,-4.00651989710151,TRUE,0.728,0,0.003,0.701,0
"Bantaeng",-22069.3690541371,1620.29246499672,944.749339224896,196.661199043145,0.200628956777795,4941,4127.34832291658,813.651677083424,0,1.12322567070932,3728.46397517401,978.468345945312,504.630430666892,373.043427819646,0.0445068684733508,-5.91915845267275,1.65594775928222,1.87216085636446,0.527180441678291,4.50782011090995,0.983122632304206,119.98690972845,-5.48818765081271,TRUE,0,0.113,0.076,0.604,0
