Kecamatan,Tahun,Long,Lat,Intercept,X1_fe,X2_fe,X3_fe,X5_fe,y,yhat,residual,CV_Score,Stud_residual,Intercept_SE,X1_fe_SE,X2_fe_SE,X3_fe_SE,X5_fe_SE,Intercept_TV,X1_fe_TV,X2_fe_TV,X3_fe_TV,X5_fe_TV,Local_R2,coords.x1,coords.x2,optional,Intercept_p_p,X1_fe_p_p,X2_fe_p_p,X3_fe_p_p,X5_fe_p_p,ket.Kepadatan,ket.SIM_C,ket.SIM_A,ket.Macet
Pal Merah,2024,106.796,-6.192,1.57E-16,5.311728118,-0.655257836,-1.137675746,8.335813287,5.158496952,4.187259335,0.971237617,0,0.50569157,0.482822806,5.034295607,0.689974339,1.056980584,2.613325778,3.24E-16,1.055108506,-0.949684357,-1.07634498,3.189733694,0.787969027,106.796,-6.192,TRUE,1,0.294,0.345,0.285,0.002,Tidak Berpengaruh,Tidak Berpengaruh,Tidak Berpengaruh,Berpengaruh
Pal Merah,2023,106.796,-6.192,1.57E-16,5.311728118,-0.655257836,-1.137675746,8.335813287,2.036248797,2.444377607,-0.40812881,0,-0.187002038,0.482822806,5.034295607,0.689974339,1.056980584,2.613325778,3.24E-16,1.055108506,-0.949684357,-1.07634498,3.189733694,0.787969027,106.796,-6.192,TRUE,1,0.294,0.345,0.285,0.002,Tidak Berpengaruh,Tidak Berpengaruh,Tidak Berpengaruh,Berpengaruh
Pal Merah,2022,106.796,-6.192,1.57E-16,5.311728118,-0.655257836,-1.137675746,8.335813287,1.221749278,1.557271821,-0.335522543,0,-0.13928199,0.482822806,5.034295607,0.689974339,1.056980584,2.613325778,3.24E-16,1.055108506,-0.949684357,-1.07634498,3.189733694,0.787969027,106.796,-6.192,TRUE,1,0.294,0.345,0.285,0.002,Tidak Berpengaruh,Tidak Berpengaruh,Tidak Berpengaruh,Berpengaruh
Pal Merah,2020,106.796,-6.192,1.57E-16,5.311728118,-0.655257836,-1.137675746,8.335813287,-6.38024623,-5.479119543,-0.901126688,0,-0.603632235,0.482822806,5.034295607,0.689974339,1.056980584,2.613325778,3.24E-16,1.055108506,-0.949684357,-1.07634498,3.189733694,0.787969027,106.796,-6.192,TRUE,1,0.294,0.345,0.285,0.002,Tidak Berpengaruh,Tidak Berpengaruh,Tidak Berpengaruh,Berpengaruh
Pal Merah,2021,106.796,-6.192,1.57E-16,5.311728118,-0.655257836,-1.137675746,8.335813287,-2.036248797,-2.70978922,0.673540423,0,0.377800515,0.482822806,5.034295607,0.689974339,1.056980584,2.613325778,3.24E-16,1.055108506,-0.949684357,-1.07634498,3.189733694,0.787969027,106.796,-6.192,TRUE,1,0.294,0.345,0.285,0.002,Tidak Berpengaruh,Tidak Berpengaruh,Tidak Berpengaruh,Berpengaruh
Kembangan,2024,106.742,-6.198,9.25E-17,3.231773021,0.254794929,-0.281447472,4.7617906,1.107320077,1.536895444,-0.429575367,0,-0.246673814,0.813467778,11.91618551,1.516857278,2.028448909,4.326931017,1.14E-16,0.271208686,0.167975546,-0.138750091,1.100500697,0.832373712,106.742,-6.198,TRUE,1,0.787,0.867,0.89,0.274,Tidak Berpengaruh,Tidak Berpengaruh,Tidak Berpengaruh,Tidak Berpengaruh
Kembangan,2022,106.742,-6.198,9.25E-17,3.231773021,0.254794929,-0.281447472,4.7617906,-0.457371336,0.270628013,-0.727999349,0,-0.383040356,0.813467778,11.91618551,1.516857278,2.028448909,4.326931017,1.14E-16,0.271208686,0.167975546,-0.138750091,1.100500697,0.832373712,106.742,-6.198,TRUE,1,0.787,0.867,0.89,0.274,Tidak Berpengaruh,Tidak Berpengaruh,Tidak Berpengaruh,Tidak Berpengaruh
Kembangan,2023,106.742,-6.198,9.25E-17,3.231773021,0.254794929,-0.281447472,4.7617906,1.307921541,0.816293292,0.491628248,0,0.221892211,0.813467778,11.91618551,1.516857278,2.028448909,4.326931017,1.14E-16,0.271208686,0.167975546,-0.138750091,1.100500697,0.832373712,106.742,-6.198,TRUE,1,0.787,0.867,0.89,0.274,Tidak Berpengaruh,Tidak Berpengaruh,Tidak Berpengaruh,Tidak Berpengaruh
Kembangan,2021,106.742,-6.198,9.25E-17,3.231773021,0.254794929,-0.281447472,4.7617906,-0.81845397,-1.367082577,0.548628606,0,0.476673394,0.813467778,11.91618551,1.516857278,2.028448909,4.326931017,1.14E-16,0.271208686,0.167975546,-0.138750091,1.100500697,0.832373712,106.742,-6.198,TRUE,1,0.787,0.867,0.89,0.274,Tidak Berpengaruh,Tidak Berpengaruh,Tidak Berpengaruh,Tidak Berpengaruh
Kembangan,2020,106.742,-6.198,9.25E-17,3.231773021,0.254794929,-0.281447472,4.7617906,-1.139416312,-1.256734173,0.117317862,0,0.130350928,0.813467778,11.91618551,1.516857278,2.028448909,4.326931017,1.14E-16,0.271208686,0.167975546,-0.138750091,1.100500697,0.832373712,106.742,-6.198,TRUE,1,0.787,0.867,0.89,0.274,Tidak Berpengaruh,Tidak Berpengaruh,Tidak Berpengaruh,Tidak Berpengaruh
Kebon Jeruk,2024,106.769,-6.19,2.12E-16,9.633670949,-0.20824752,-0.740642999,6.368101517,1.86934314,1.72966684,0.139676299,0,0.063699658,0.590111755,7.425737832,0.8533482,1.446457648,2.598832396,3.60E-16,1.297335183,-0.24403581,-0.512039187,2.450370223,0.88919685,106.769,-6.19,TRUE,1,0.198,0.808,0.61,0.016,Tidak Berpengaruh,Tidak Berpengaruh,Tidak Berpengaruh,Berpengaruh
Kebon Jeruk,2023,106.769,-6.19,2.12E-16,9.633670949,-0.20824752,-0.740642999,6.368101517,0.736407903,0.862751442,-0.126343539,0,-0.054300198,0.590111755,7.425737832,0.8533482,1.446457648,2.598832396,3.60E-16,1.297335183,-0.24403581,-0.512039187,2.450370223,0.88919685,106.769,-6.19,TRUE,1,0.198,0.808,0.61,0.016,Tidak Berpengaruh,Tidak Berpengaruh,Tidak Berpengaruh,Berpengaruh
Kebon Jeruk,2021,106.769,-6.19,2.12E-16,9.633670949,-0.20824752,-0.740642999,6.368101517,-1.359522283,-2.024255824,0.664733541,0,0.309673993,0.590111755,7.425737832,0.8533482,1.446457648,2.598832396,3.60E-16,1.297335183,-0.24403581,-0.512039187,2.450370223,0.88919685,106.769,-6.19,TRUE,1,0.198,0.808,0.61,0.016,Tidak Berpengaruh,Tidak Berpengaruh,Tidak Berpengaruh,Berpengaruh
Kebon Jeruk,2022,106.769,-6.19,2.12E-16,9.633670949,-0.20824752,-0.740642999,6.368101517,0.736407903,0.651663478,0.084744425,0,0.043957539,0.590111755,7.425737832,0.8533482,1.446457648,2.598832396,3.60E-16,1.297335183,-0.24403581,-0.512039187,2.450370223,0.88919685,106.769,-6.19,TRUE,1,0.198,0.808,0.61,0.016,Tidak Berpengaruh,Tidak Berpengaruh,Tidak Berpengaruh,Berpengaruh
Kebon Jeruk,2020,106.769,-6.19,2.12E-16,9.633670949,-0.20824752,-0.740642999,6.368101517,-1.982636663,-1.219825937,-0.762810726,0,-0.473943587,0.590111755,7.425737832,0.8533482,1.446457648,2.598832396,3.60E-16,1.297335183,-0.24403581,-0.512039187,2.450370223,0.88919685,106.769,-6.19,TRUE,1,0.198,0.808,0.61,0.016,Tidak Berpengaruh,Tidak Berpengaruh,Tidak Berpengaruh,Berpengaruh
Kalideres,2024,106.704,-6.135,-8.97E-17,-1.63094045,-0.052280733,0.34962435,1.252118592,0.289899774,0.291715298,-0.001815524,0,-0.003221368,0.989644204,94.13595022,1.243044153,3.822783023,13.31275774,-9.06E-17,-0.017325373,-0.042058629,0.091458068,0.094054036,0.70679703,106.704,-6.135,TRUE,1,0.986,0.967,0.927,0.925,Tidak Berpengaruh,Tidak Berpengaruh,Tidak Berpengaruh,Tidak Berpengaruh
Kalideres,2022,106.704,-6.135,-8.97E-17,-1.63094045,-0.052280733,0.34962435,1.252118592,-0.331314027,-0.239150308,-0.09216372,0,-0.060712833,0.989644204,94.13595022,1.243044153,3.822783023,13.31275774,-9.06E-17,-0.017325373,-0.042058629,0.091458068,0.094054036,0.70679703,106.704,-6.135,TRUE,1,0.986,0.967,0.927,0.925,Tidak Berpengaruh,Tidak Berpengaruh,Tidak Berpengaruh,Tidak Berpengaruh
Kalideres,2023,106.704,-6.135,-8.97E-17,-1.63094045,-0.052280733,0.34962435,1.252118592,-0.296802149,-0.063646382,-0.233155768,0,-0.283835214,0.989644204,94.13595022,1.243044153,3.822783023,13.31275774,-9.06E-17,-0.017325373,-0.042058629,0.091458068,0.094054036,0.70679703,106.704,-6.135,TRUE,1,0.986,0.967,0.927,0.925,Tidak Berpengaruh,Tidak Berpengaruh,Tidak Berpengaruh,Tidak Berpengaruh
Kalideres,2021,106.704,-6.135,-8.97E-17,-1.63094045,-0.052280733,0.34962435,1.252118592,-0.020707127,-0.276989707,0.256282581,0,0.225611359,0.989644204,94.13595022,1.243044153,3.822783023,13.31275774,-9.06E-17,-0.017325373,-0.042058629,0.091458068,0.094054036,0.70679703,106.704,-6.135,TRUE,1,0.986,0.967,0.927,0.925,Tidak Berpengaruh,Tidak Berpengaruh,Tidak Berpengaruh,Tidak Berpengaruh
Kalideres,2020,106.704,-6.135,-8.97E-17,-1.63094045,-0.052280733,0.34962435,1.252118592,0.35892353,0.288071099,0.07085243,0,0.088541303,0.989644204,94.13595022,1.243044153,3.822783023,13.31275774,-9.06E-17,-0.017325373,-0.042058629,0.091458068,0.094054036,0.70679703,106.704,-6.135,TRUE,1,0.986,0.967,0.927,0.925,Tidak Berpengaruh,Tidak Berpengaruh,Tidak Berpengaruh,Tidak Berpengaruh
Taman Sari,2024,106.818,-6.148,2.49E-16,7.337149106,0.047565182,-1.629645417,4.984838274,-0.355862358,-0.549597221,0.193734864,0,0.083440998,0.466395852,5.169669283,0.762233804,0.914060273,2.096970706,5.33E-16,1.419268565,0.062402352,-1.782864286,2.377161617,0.633262727,106.818,-6.148,TRUE,1,0.159,0.95,0.078,0.02,Tidak Berpengaruh,Tidak Berpengaruh,Tidak Berpengaruh,Berpengaruh
Taman Sari,2023,106.818,-6.148,2.49E-16,7.337149106,0.047565182,-1.629645417,4.984838274,0.533793536,0.049965381,0.483828155,0,0.197794806,0.466395852,5.169669283,0.762233804,0.914060273,2.096970706,5.33E-16,1.419268565,0.062402352,-1.782864286,2.377161617,0.633262727,106.818,-6.148,TRUE,1,0.159,0.95,0.078,0.02,Tidak Berpengaruh,Tidak Berpengaruh,Tidak Berpengaruh,Berpengaruh
Taman Sari,2021,106.818,-6.148,2.49E-16,7.337149106,0.047565182,-1.629645417,4.984838274,-0.578276331,-0.330694647,-0.247581684,0,-0.099306821,0.466395852,5.169669283,0.762233804,0.914060273,2.096970706,5.33E-16,1.419268565,0.062402352,-1.782864286,2.377161617,0.633262727,106.818,-6.148,TRUE,1,0.159,0.95,0.078,0.02,Tidak Berpengaruh,Tidak Berpengaruh,Tidak Berpengaruh,Berpengaruh
Taman Sari,2022,106.818,-6.148,2.49E-16,7.337149106,0.047565182,-1.629645417,4.984838274,0.088965589,0.982759328,-0.893793739,0,-0.374386627,0.466395852,5.169669283,0.762233804,0.914060273,2.096970706,5.33E-16,1.419268565,0.062402352,-1.782864286,2.377161617,0.633262727,106.818,-6.148,TRUE,1,0.159,0.95,0.078,0.02,Tidak Berpengaruh,Tidak Berpengaruh,Tidak Berpengaruh,Berpengaruh
Taman Sari,2020,106.818,-6.148,2.49E-16,7.337149106,0.047565182,-1.629645417,4.984838274,0.311379563,-0.152432841,0.463812404,0,0.217770134,0.466395852,5.169669283,0.762233804,0.914060273,2.096970706,5.33E-16,1.419268565,0.062402352,-1.782864286,2.377161617,0.633262727,106.818,-6.148,TRUE,1,0.159,0.95,0.078,0.02,Tidak Berpengaruh,Tidak Berpengaruh,Tidak Berpengaruh,Berpengaruh
Tambora,2024,106.803,-6.147,1.19E-16,5.167522705,-0.304527694,-1.478678818,6.257831467,0.369413866,1.603738443,-1.234324576,0,-0.622380356,0.503682038,5.813517587,0.767891863,1.008988557,2.416842029,2.37E-16,0.888880549,-0.396576274,-1.465506033,2.589259617,0.779749671,106.803,-6.147,TRUE,1,0.376,0.693,0.146,0.011,Tidak Berpengaruh,Tidak Berpengaruh,Tidak Berpengaruh,Berpengaruh
Tambora,2022,106.803,-6.147,1.19E-16,5.167522705,-0.304527694,-1.478678818,6.257831467,1.477655465,2.121368597,-0.643713132,0,-0.3140959,0.503682038,5.813517587,0.767891863,1.008988557,2.416842029,2.37E-16,0.888880549,-0.396576274,-1.465506033,2.589259617,0.779749671,106.803,-6.147,TRUE,1,0.376,0.693,0.146,0.011,Tidak Berpengaruh,Tidak Berpengaruh,Tidak Berpengaruh,Berpengaruh
Tambora,2023,106.803,-6.147,1.19E-16,5.167522705,-0.304527694,-1.478678818,6.257831467,4.248259463,2.074568508,2.173690955,0,0.928267537,0.503682038,5.813517587,0.767891863,1.008988557,2.416842029,2.37E-16,0.888880549,-0.396576274,-1.465506033,2.589259617,0.779749671,106.803,-6.147,TRUE,1,0.376,0.693,0.146,0.011,Tidak Berpengaruh,Tidak Berpengaruh,Tidak Berpengaruh,Berpengaruh
Tambora,2021,106.803,-6.147,1.19E-16,5.167522705,-0.304527694,-1.478678818,6.257831467,-3.878845597,-3.718294766,-0.160550831,0,-0.1065132,0.503682038,5.813517587,0.767891863,1.008988557,2.416842029,2.37E-16,0.888880549,-0.396576274,-1.465506033,2.589259617,0.779749671,106.803,-6.147,TRUE,1,0.376,0.693,0.146,0.011,Tidak Berpengaruh,Tidak Berpengaruh,Tidak Berpengaruh,Berpengaruh
Tambora,2020,106.803,-6.147,1.19E-16,5.167522705,-0.304527694,-1.478678818,6.257831467,-2.216483198,-2.081380781,-0.135102417,0,-0.096675121,0.503682038,5.813517587,0.767891863,1.008988557,2.416842029,2.37E-16,0.888880549,-0.396576274,-1.465506033,2.589259617,0.779749671,106.803,-6.147,TRUE,1,0.376,0.693,0.146,0.011,Tidak Berpengaruh,Tidak Berpengaruh,Tidak Berpengaruh,Berpengaruh
Cengkareng,2020,106.737,-6.151,-3.83E-16,4.912785226,0.592925392,0.192432499,6.853300614,-1.275461197,-0.708851899,-0.566609298,0,-0.387864386,0.825093898,23.41525378,1.180467275,1.822206194,4.808276309,-4.65E-16,0.209811317,0.502280245,0.10560413,1.425313392,0.741703951,106.737,-6.151,TRUE,1,0.834,0.617,0.916,0.157,Tidak Berpengaruh,Tidak Berpengaruh,Tidak Berpengaruh,Tidak Berpengaruh
Cengkareng,2023,106.737,-6.151,-3.83E-16,4.912785226,0.592925392,0.192432499,6.853300614,0.979927505,0.734064767,0.245862738,0,0.131331879,0.825093898,23.41525378,1.180467275,1.822206194,4.808276309,-4.65E-16,0.209811317,0.502280245,0.10560413,1.425313392,0.741703951,106.737,-6.151,TRUE,1,0.834,0.617,0.916,0.157,Tidak Berpengaruh,Tidak Berpengaruh,Tidak Berpengaruh,Tidak Berpengaruh
Cengkareng,2024,106.737,-6.151,-3.83E-16,4.912785226,0.592925392,0.192432499,6.853300614,1.602103699,0.865637776,0.736465923,0,0.353763192,0.825093898,23.41525378,1.180467275,1.822206194,4.808276309,-4.65E-16,0.209811317,0.502280245,0.10560413,1.425313392,0.741703951,106.737,-6.151,TRUE,1,0.834,0.617,0.916,0.157,Tidak Berpengaruh,Tidak Berpengaruh,Tidak Berpengaruh,Tidak Berpengaruh
Cengkareng,2022,106.737,-6.151,-3.83E-16,4.912785226,0.592925392,0.192432499,6.853300614,0.746611432,-0.002713185,0.749324617,0,0.429518176,0.825093898,23.41525378,1.180467275,1.822206194,4.808276309,-4.65E-16,0.209811317,0.502280245,0.10560413,1.425313392,0.741703951,106.737,-6.151,TRUE,1,0.834,0.617,0.916,0.157,Tidak Berpengaruh,Tidak Berpengaruh,Tidak Berpengaruh,Tidak Berpengaruh
Cengkareng,2021,106.737,-6.151,-3.83E-16,4.912785226,0.592925392,0.192432499,6.853300614,-2.053181439,-0.888137459,-1.165043979,0,-0.681994358,0.825093898,23.41525378,1.180467275,1.822206194,4.808276309,-4.65E-16,0.209811317,0.502280245,0.10560413,1.425313392,0.741703951,106.737,-6.151,TRUE,1,0.834,0.617,0.916,0.157,Tidak Berpengaruh,Tidak Berpengaruh,Tidak Berpengaruh,Tidak Berpengaruh
Grogol Petamburan,2023,106.786,-6.163,1.97E-16,4.914123854,-0.398950215,-1.333649352,7.923650334,0.387782409,0.975568434,-0.587786025,0,-0.262063045,0.509275489,6.061746506,0.800236624,1.023460294,2.612828302,3.87E-16,0.810677888,-0.498540311,-1.303078742,3.03259511,0.863786945,106.786,-6.163,TRUE,1,0.42,0.619,0.196,0.003,Tidak Berpengaruh,Tidak Berpengaruh,Tidak Berpengaruh,Berpengaruh
Grogol Petamburan,2024,106.786,-6.163,1.97E-16,4.914123854,-0.398950215,-1.333649352,7.923650334,2.972998471,2.168885293,0.804113179,0,0.379162192,0.509275489,6.061746506,0.800236624,1.023460294,2.612828302,3.87E-16,0.810677888,-0.498540311,-1.303078742,3.03259511,0.863786945,106.786,-6.163,TRUE,1,0.42,0.619,0.196,0.003,Tidak Berpengaruh,Tidak Berpengaruh,Tidak Berpengaruh,Berpengaruh
Grogol Petamburan,2022,106.786,-6.163,1.97E-16,4.914123854,-0.398950215,-1.333649352,7.923650334,0.75709899,1.031370555,-0.274271565,0,-0.120370386,0.509275489,6.061746506,0.800236624,1.023460294,2.612828302,3.87E-16,0.810677888,-0.498540311,-1.303078742,3.03259511,0.863786945,106.786,-6.163,TRUE,1,0.42,0.619,0.196,0.003,Tidak Berpengaruh,Tidak Berpengaruh,Tidak Berpengaruh,Berpengaruh
Grogol Petamburan,2021,106.786,-6.163,1.97E-16,4.914123854,-0.398950215,-1.333649352,7.923650334,-2.105104508,-2.256545957,0.151441449,0,0.073520139,0.509275489,6.061746506,0.800236624,1.023460294,2.612828302,3.87E-16,0.810677888,-0.498540311,-1.303078742,3.03259511,0.863786945,106.786,-6.163,TRUE,1,0.42,0.619,0.196,0.003,Tidak Berpengaruh,Tidak Berpengaruh,Tidak Berpengaruh,Berpengaruh
Grogol Petamburan,2020,106.786,-6.163,1.97E-16,4.914123854,-0.398950215,-1.333649352,7.923650334,-2.012775363,-1.919278325,-0.093497038,0,-0.073654177,0.509275489,6.061746506,0.800236624,1.023460294,2.612828302,3.87E-16,0.810677888,-0.498540311,-1.303078742,3.03259511,0.863786945,106.786,-6.163,TRUE,1,0.42,0.619,0.196,0.003,Tidak Berpengaruh,Tidak Berpengaruh,Tidak Berpengaruh,Berpengaruh
