Content,Author,Date,Language,Location,Number of Likes,Number of Retweets,In Reply To,Author Name,Author Description,Author Tweets Count,Author Following Count,Author Followers Count,Author Listed Count,Author Verified,Longitude,Latitude,sentiment
string,@AgungWi08669653 @KomaRedaksi @Navigo78B @syimimira @HasyimOm @bmaxxxyyy @FathraNazrul @orangemarlade @stphenkt @Mr98Hehehehe @bakulswikee @KE_Yoga @rudestrong @AwalReto @JokoSan134 @sandy_rizaldi @sandicalla @nombuycart @sapphirehuang @shiniestmuscat @demplo13 @fr8les @humairaa459 @tictactwoooo @spelledbarou @calicoxkitten @anelpeu @SenoNunky @nana_bluenana @Arifineyusuf @M1ntAngsteuBoi @pisauKeadilan @AmirJohan744577 @icenk86 @onepunchmas @Jangkrikgengg15 @hyebin12_ @conconlatte @SieTrihartono @Ahmed86R @MardianahA17345 @deamstka @pejuangkantin99 @spiwny @na_yuu_ta @Elhami235711 @toddysolo79 @Raju71716287 @putusayangg @akunalterub @AbiTsuraya @harissp32 @winsuncream @UdaBroo @Oedjhie2 @CecepLagi @EKubang @Mat16_16 @thisisdee_ @anggagrab7 @FitraYouse @zoelf1k4r @auliadistiani @qualiATEif @hdsambodo @teasegar @RMuhammadAli1 @anonreader08 @imutimutmu @andikaws @R4Y99 @prasetiowardoyo @OmTivi @ArdiPramudito @belsbibib @PpKk669840 @Rawing1274 @Cl_aire_P @hdlsoo_ @rinaldi_niki @Ecl4te @KrisnaGuritno @elisafmradio @dimskp @Arthuria_ST347 @serisong @kekcrumbs @Warticfox @Ragadi15 @Julius_And @Boeluxs1 @KanjengRomoBram @lawjusticeco @taviariss @Sunarti25231614 @Ronaldxcviii,time,discrete,discrete,continuous,continuous,@NenkMonica @_BangFu @Penyair_Berdiri @pakmul63 @5lamate @CNNIndonesia,Tegakkan\ Keadilan Redaksi\ Koma\ Indonesia Penjaga\ Terakhir Shim om\ hasyim Starry fathra ✨ Stephen hehehehe suketi Yoga rudestrong Awal\ R Joko\ Santoso sandyrizaldi calla nom\ |\ mention\ after\ dm\ 💌 Sapphire Cei. Demplo13 jara tata\ katili Nin\ 🌸 revina 🔍⍤⃝🐱\ tica. プヤ☀️ Nunky\ Seno NANANA Suf\  Syifa\ 🐹 @pisauKeadilan Amir\ Johan icenk Vitro PetrukTinggalGlanggang Hyebin conay\ 🐣🐥🍉 Sie\ Trihartono Elbantani Mardiono\ suhe. Dea\ Mustika Pejuangkantin ً 𝙉𝙖𝙣𝙖\ ଘ(੭ˊᵕˋ)੭*\ ੈ✩‧˚ Elhami Kurnia Raju\ Musba Charyn Eiden. Abi Abdul\ Harissp32 W Mas\ Bro 🇮🇩🤘\ Kebul\ Damri\ 97👆🏴 Puja\ Kelam Hamba\ Allah 💕\ INRI 유디라\ 아싷 Anak\ Magang cordova🇮🇩gain Oepick naul vaaaaaan Hudi\ Sambodo rara🇵🇸\ |\ TITIP\ SHOPEE\ VIDEO\ DM🥰 R\ Muhammad\ Ali Zekai\ Gaming Imut andika R4Y\ 🍉🍉🇲🇨🇵🇸 M.\ Prasetio\ Wardoyo comifuro19\ ab-29\ |\ kakanda\ sayang\ bakpa(om) Ardi\ P. laa\ 🏃🏻‍♀️ Pp\ Kk Hyung\ Nim Claire\ 🍉❤️🖤🤍💚 aul\ 🐮 Rinaldi\ Kaharudin Gaharu\ 2 Krisna\ Guritno Elisa\ FM\ Salatiga HEY\ DIMS! Arthur\ Stefanus tinker\ 송\ 30 🍪 artic\ fox\ 🦊🍉 Ragadi Julius\ Andre Ardha RomoBram Law-Justice.co\ |\ News\ &\ Investigation aro\ ❄ Sunarti RonZ,string,continuous,continuous,continuous,continuous,discrete,continuous,continuous,continuous
meta include=True title=True,meta,meta,meta,meta,meta,meta,meta,meta,meta,meta,meta,meta,meta,meta,meta,meta,
"RT @NenkMonica: Nah loh....
Salah satu media terkemuka di Asia yang berbasis di Singapura, Channel News Asia, menyoroti layanan ""Lapor Mas…",@AgungWi08669653,2024-11-14 03:20:01,in,,0,3280,,Tegakkan Keadilan,Konsisten Kreatif Fokus Disiplin,5337,157,27,0,False,,,7.14286
"Lapor Mas Wapres, Solusi atau Bumerang? 

#komaindonesia #komaid #komatv 

https://t.co/2jMNWNgwCk",@KomaRedaksi,2024-11-14 03:20:01,in,,0,0,,Redaksi Koma Indonesia,Portal media komunikasi masyarakat Indonesia,453,24,231,0,False,,,12.5
"RT @pakmul63: Waduuh bisa banjir laporan di kantor mas wapres ini.

Tebak-tebakan:
“Lapor Mas Wapres” ditutup pasca Prabowo pulang dari LN.…",@Navigo78B,2024-11-14 03:20:01,in,,0,28,,Penjaga Terakhir,"Setiap orang ada masanya
Setiap masa ada orangnya
❌Porn ⛔Komunisme ⛔ LGBT",9014,1323,1297,0,False,,,0
"RT @FayaAtika: Wkwkwk.... Kaum low quality emang mudah di bodohi... 

Percayalah.. Lapor Mas Wapres cuma konten biar dibilang brilian oleh…",@syimimira,2024-11-14 03:19:51,in,,0,2058,,Shim,#LGE #Day6 #lesgo,23161,330,202,1,False,,,13.3333
RT @PartaiSocmed: Jujur2an aja yuk! Sebenarnya resistensi terhadap program Lapor Mas Wapres ini bukan seperti macam2 alasan yg mereka tuduh…,@HasyimOm,2024-11-14 03:19:51,in,,0,194,,om hasyim,,23281,74,123,0,False,,,-8.33333
"RT @ekstapol: https://t.co/0LuaPEI5Ga

Ini gaiss, semoga kalian langganan Tempo yaa❤️😊 https://t.co/epkK2qNWMi",@bmaxxxyyy,2024-11-14 03:19:49,in,,0,305,,Starry,HAHA,12352,490,117,0,False,,,0
Reza Indagiri Adukan Fufufafa dan mobil Esemka ke Lapor Mas Wapres. Ini yang terjadi https://t.co/tmuEF1uidm #Fufufafa lewat @jpnncom,@FathraNazrul,2024-11-14 03:19:39,in,,0,0,,fathra,,10133,466,219,0,False,,,9.09091
"RT @FayaAtika: Wkwkwk.... Kaum low quality emang mudah di bodohi... 

Percayalah.. Lapor Mas Wapres cuma konten biar dibilang brilian oleh…",@orangemarlade,2024-11-14 03:19:28,in,,0,2058,,✨,,2059,34,19,0,False,,,13.3333
"LAPOR MAS WAPRES! Tetap aman dan nyaman berkendara menggunakan #sepedalistrik dari #Uwinfly seri T60, pembelian untuk area #Surabaya dan sekitarnya bisa langsung ke https://t.co/bm01au1xsk. Harganya cuma 4jt'an rupiah, buruan langsung merapat! #KeselamatanPrioritasUtama https://t.co/z5qvgZpali",@stphenkt,2024-11-14 03:19:22,in,,0,0,,Stephen,"Digital Marketer at https://t.co/u7hiyQoDMe
Journalist at https://t.co/daLH4p9v1Q",55,0,0,0,False,,,15
"RT @mawakresna: Layanan Lapor Mas Wapres itu cuma gimmick, karena sebenarnya udah ada Ombudsman yang fungsinya kurang lebih sama. 

Laporan…",@Mr98Hehehehe,2024-11-14 03:19:16,in,,0,299,,hehehehe,,81797,4164,477,0,False,,,10
"RT @NenkMonica: Nah loh....
Salah satu media terkemuka di Asia yang berbasis di Singapura, Channel News Asia, menyoroti layanan ""Lapor Mas…",@bakulswikee,2024-11-14 03:19:07,in,,0,3280,,suketi,,86642,715,702,0,False,,,7.14286
"RT @NenkMonica: Nah loh....
Salah satu media terkemuka di Asia yang berbasis di Singapura, Channel News Asia, menyoroti layanan ""Lapor Mas…",@KE_Yoga,2024-11-14 03:19:04,in,,0,3280,,Yoga,Thank you for being kind.,12198,305,281,0,False,,,7.14286
"RT @ekstapol: https://t.co/0LuaPEI5Ga

Ini gaiss, semoga kalian langganan Tempo yaa❤️😊 https://t.co/epkK2qNWMi",@rudestrong,2024-11-14 03:19:04,in,,0,305,,rudestrong,,61413,103,152,0,False,,,0
"RT @TangkasTaruna: Sejauh ini, ini yg paling jauh statmen dedi mulyadi nyinyir @golkar_id

Viral Tom lembong dedi mulyadi Lapor Mas Wapres…",@AwalReto,2024-11-14 03:19:01,in,,0,2,,Awal R,semua bisa senang,422,36,3,0,False,,,7.14286
RT @BelengBeleng687: @Yoechan_ @DolfieOtay @baronko_cole @b3l4h4nh4t1ku_ @TukuQ_86300 @A5l1n9_4la_m_ @ArdieSuhardi321 @OktermanLkmn @se_rad…,@JokoSan134,2024-11-14 03:18:35,in,,0,10,,Joko Santoso,,45839,191,166,0,False,,,0
"RT @Penyair_Berdiri: Netijen +62 Ga Ada Obat
KAGET BANGET 🤣🤣🤣

Lapor Mas Wapres ! https://t.co/CDt82SpG3o",@sandy_rizaldi,2024-11-14 03:18:32,in,,0,418,,sandyrizaldi,#GGMU L Y O N O,4380,42,29,0,False,,,22.2222
"RT @ekstapol: https://t.co/0LuaPEI5Ga

Ini gaiss, semoga kalian langganan Tempo yaa❤️😊 https://t.co/epkK2qNWMi",@sandicalla,2024-11-14 03:18:30,in,,0,305,,calla,INFP • ♐ • 27 •,37899,1100,1372,0,False,,,0
"RT @ekstapol: https://t.co/0LuaPEI5Ga

Ini gaiss, semoga kalian langganan Tempo yaa❤️😊 https://t.co/epkK2qNWMi",@nombuycart,2024-11-14 03:18:27,in,,0,305,,nom | mention after dm 💌,🛒sbt for #KUNGYAZ / #SUNSUN |🔸https://t.co/AtaBZKXdzw 🔸,18065,408,335,1,False,,,0
"RT @NenkMonica: Nah loh....
Salah satu media terkemuka di Asia yang berbasis di Singapura, Channel News Asia, menyoroti layanan ""Lapor Mas…",@sapphirehuang,2024-11-14 03:18:25,in,,0,3280,,Sapphire,"Profile pict ku tidak akan kuganti sampai Renjun Joshua foto bareng lagi ||
Tambah tua malah tambah fandomnya",26579,429,111,0,False,,,7.14286
"RT @ekstapol: https://t.co/0LuaPEI5Ga

Ini gaiss, semoga kalian langganan Tempo yaa❤️😊 https://t.co/epkK2qNWMi",@shiniestmuscat,2024-11-14 03:18:13,in,,0,305,,Cei.,,22717,89,24,0,False,,,0
"RT @FayaAtika: Wkwkwk.... Kaum low quality emang mudah di bodohi... 

Percayalah.. Lapor Mas Wapres cuma konten biar dibilang brilian oleh…",@demplo13,2024-11-14 03:17:53,in,,0,2058,,Demplo13,,1072,202,130,0,False,,,13.3333
"RT @NenkMonica: Nah loh....
Salah satu media terkemuka di Asia yang berbasis di Singapura, Channel News Asia, menyoroti layanan ""Lapor Mas…",@fr8les,2024-11-14 03:17:36,in,,0,3280,,jara,Fan Account — ID || mostly 엔.븐티즈 || 𝙁𝙚𝙚𝙡 𝙛𝙧𝙚𝙚 𝙩𝙤 𝙪𝙣𝙛𝙤𝙡𝙡𝙤𝙬,77237,300,75,0,False,,,7.14286
"RT @msaid_didu: PROGRAM  LAPOR MAS WAPRES LANGKAH MUNDUR 36 TAHUN.

1) *Langkah Mundur 36 tahun*. Pengaduan masyarakat seperti ini sdh dimu…",@humairaa459,2024-11-14 03:17:28,in,,0,250,,tata katili,,664,101,15,0,False,,,-7.69231
"RT @ekstapol: https://t.co/0LuaPEI5Ga

Ini gaiss, semoga kalian langganan Tempo yaa❤️😊 https://t.co/epkK2qNWMi",@tictactwoooo,2024-11-14 03:17:22,in,,0,305,,Nin 🌸,,12843,105,115,0,False,,,0
"RT @ekstapol: https://t.co/0LuaPEI5Ga

Ini gaiss, semoga kalian langganan Tempo yaa❤️😊 https://t.co/epkK2qNWMi",@spelledbarou,2024-11-14 03:17:15,in,,0,305,,revina,"“𝐼 𝑙𝑖𝑘𝑒 𝑓𝑙𝑜𝑤𝑒𝑟𝑠, 𝑠𝑢𝑛𝑟𝑖𝑠𝑒𝑠, 𝑡ℎ𝑒 𝑜𝑐𝑒𝑎𝑛, 𝑎𝑛𝑑 𝑦𝑜𝑢”  𔘓⭒۟☆₊˚⊹",5905,1253,1654,0,False,,,0
"RT @ekstapol: https://t.co/0LuaPEI5Ga

Ini gaiss, semoga kalian langganan Tempo yaa❤️😊 https://t.co/epkK2qNWMi",@calicoxkitten,2024-11-14 03:17:09,in,,0,305,,🔍⍤⃝🐱 tica.,making everything works within the limits. 아포방포. 💜,123782,112,58,1,False,,,0
"RT @ekstapol: https://t.co/0LuaPEI5Ga

Ini gaiss, semoga kalian langganan Tempo yaa❤️😊 https://t.co/epkK2qNWMi",@anelpeu,2024-11-14 03:17:03,in,,0,305,,プヤ☀️,Satoru’s,6507,297,285,0,False,,,0
"RT @msaid_didu: Sengketa pisang.
Ada yg mau lapor ke layanan Lapor Mas Wapres https://t.co/vKJCx50sDR",@SenoNunky,2024-11-14 03:17:03,in,,0,62,,Nunky Seno,,12121,116,53,0,False,,,12.5
"RT @ekstapol: https://t.co/0LuaPEI5Ga

Ini gaiss, semoga kalian langganan Tempo yaa❤️😊 https://t.co/epkK2qNWMi",@nana_bluenana,2024-11-14 03:16:40,in,,0,305,,NANANA,".              ／＞　 フ
               | 　_　_| 
          ／` ミ__^ノ 
        /　 ヽ　　 ﾉ            ╱|、
       /　　 |　|　|         (˚ˎ 。7  
／￣|　　 |　|　|         /       \",36650,1532,202,0,False,,,0
"RT @mawakresna: Layanan Lapor Mas Wapres itu cuma gimmick, karena sebenarnya udah ada Ombudsman yang fungsinya kurang lebih sama. 

Laporan…",@Arifineyusuf,2024-11-14 03:16:40,in,,0,299,,Suf ,"Akun tempat sambat dan protes kebijakan pemerintah.
One Piece salah satu sumber semangat.
Man United salah satu sumber kekecewaan tiap pekan.",45828,644,204,0,False,,,10
"RT @ekstapol: https://t.co/0LuaPEI5Ga

Ini gaiss, semoga kalian langganan Tempo yaa❤️😊 https://t.co/epkK2qNWMi",@M1ntAngsteuBoi,2024-11-14 03:16:40,in,,0,305,,Syifa 🐹,23+ • she/her • 🇲🇨  • GI • IND/ENG • AR60 WL 9 • is actually crazy • questioning myself?,86124,1048,222,0,False,,,0
"RT @ZAEffendy: Gelar Doktor-nya ditangguhkan UI.
AD/ART Parpol-nya dibatalkan PTUN.

Sudah “Lapor Mas Wapres”❓#Nalar https://t.co/ClHHDPWNjg",@pisauKeadilan,2024-11-14 03:16:38,in,,0,18,,@pisauKeadilan,"Pancasila adlh sebuah kesepakatan final. Boleh bertolerasi tapi tidak menggadaikan aqidah, merawat kebhinekaan harus dalam bingkai Kebenaran & Keadilan.",4742,195,102,0,False,,,0
RT @BelengBeleng687: @Yoechan_ @DolfieOtay @baronko_cole @b3l4h4nh4t1ku_ @TukuQ_86300 @A5l1n9_4la_m_ @ArdieSuhardi321 @OktermanLkmn @se_rad…,@AmirJohan744577,2024-11-14 03:15:47,in,,0,10,,Amir Johan,Umat Rosul,46680,216,276,0,False,,,0
RT @PartaiSocmed: Jujur2an aja yuk! Sebenarnya resistensi terhadap program Lapor Mas Wapres ini bukan seperti macam2 alasan yg mereka tuduh…,@icenk86,2024-11-14 03:15:07,in,,0,194,,icenk,santuy..,1437,511,219,0,False,,,-8.33333
"RT @NenkMonica: Nah loh....
Salah satu media terkemuka di Asia yang berbasis di Singapura, Channel News Asia, menyoroti layanan ""Lapor Mas…",@onepunchmas,2024-11-14 03:14:58,in,,0,3280,,Vitro,Lah opo o cuk,22078,538,532,1,False,,,7.14286
RT @BelengBeleng687: @Yoechan_ @DolfieOtay @baronko_cole @b3l4h4nh4t1ku_ @TukuQ_86300 @A5l1n9_4la_m_ @ArdieSuhardi321 @OktermanLkmn @se_rad…,@Jangkrikgengg15,2024-11-14 03:14:38,in,,0,10,,PetrukTinggalGlanggang,حَسْبُنَا اللهُ وَنِعْمَ الْوَكِيْلُ نِعْمَ الْمَوْلَى وَنِعْمَ النَّصِيْرُ,58870,3896,3377,0,False,,,0
"RT @ekstapol: https://t.co/0LuaPEI5Ga

Ini gaiss, semoga kalian langganan Tempo yaa❤️😊 https://t.co/epkK2qNWMi",@hyebin12_,2024-11-14 03:14:23,in,,0,305,,Hyebin,"Hanya untuk hiburan, informasi, dan berkeluh kesah~
Sedang masa transisi dari budak cokip ke budak cogep 😌",150297,825,141,1,False,,,0
"RT @ekstapol: https://t.co/0LuaPEI5Ga

Ini gaiss, semoga kalian langganan Tempo yaa❤️😊 https://t.co/epkK2qNWMi",@conconlatte,2024-11-14 03:14:19,in,,0,305,,conay 🐣🐥🍉,personal account but randomly yapping. mostly about kpop.,46740,505,532,1,False,,,0
"RT @ILCTalkshow: Karni: “Jadi klo ini diambil alih oleh Wakil Presiden, menurut mereka ketinggian &amp; nanti bs overlapse dgn instansi yg di b…",@SieTrihartono,2024-11-14 03:14:00,in,,0,9,,Sie Trihartono,,44208,200,116,0,False,,,0
"RT @NenkMonica: Nah loh....
Salah satu media terkemuka di Asia yang berbasis di Singapura, Channel News Asia, menyoroti layanan ""Lapor Mas…",@Ahmed86R,2024-11-14 03:13:59,in,,0,3280,,Elbantani,"young, smart and simple.",10735,1053,193,2,False,,,7.14286
"RT @GuciMarbawi: @msaid_didu Program lapor mas wapres adalah program pembodohan rakyat yg dilakukan oleh orang bodoh yg merasa sok2 pintar,…",@MardianahA17345,2024-11-14 03:13:57,in,,0,2,,Mardiono suhe.,cukup pake tweetter brita2 aneh nyleneh ada disini,6791,458,271,0,False,,,8.33333
"RT @NenkMonica: Nah loh....
Salah satu media terkemuka di Asia yang berbasis di Singapura, Channel News Asia, menyoroti layanan ""Lapor Mas…",@deamstka,2024-11-14 03:13:26,in,,0,3280,,Dea Mustika,,3228,306,212,0,False,,,7.14286
"RT @PngAdilnR4kyt: KANAL LAPOR MAS WAPRES ADALAH AKAL-AKALAN SI FUFUFAFA AGAR PENGEN NONGOL TERUS DI MEDIA, BIAR KELIHATAN EKSIS....

KOCAK…",@pejuangkantin99,2024-11-14 03:12:54,in,,0,324,,Pejuangkantin,Pejuang kantin SD,50380,480,424,0,False,,,0
"RT @NenkMonica: Nah loh....
Salah satu media terkemuka di Asia yang berbasis di Singapura, Channel News Asia, menyoroti layanan ""Lapor Mas…",@spiwny,2024-11-14 03:12:46,in,,0,3280,,ً,"i love talking to myself, she gets me",10542,53,20,0,False,,,7.14286
"RT @FayaAtika: Wkwkwk.... Kaum low quality emang mudah di bodohi... 

Percayalah.. Lapor Mas Wapres cuma konten biar dibilang brilian oleh…",@na_yuu_ta,2024-11-14 03:12:38,in,,0,2058,,𝙉𝙖𝙣𝙖 ଘ(੭ˊᵕˋ)੭* ੈ✩‧˚,𝐌𝐔𝐋𝐅𝐀𝐍 𝐁𝐀𝐍𝐆𝐄𝐓 (づ ￣ ³￣)づ 𝐙𝐁𝟏 𝐎𝐓𝟗 • 𝐃𝐈𝐓𝐓𝐎 • 𝐇𝐚 𝐉𝐞𝐨𝐧𝐠𝐰𝐨𝐨 • 𝐍𝐂𝐓 • 𝐖𝐨𝐧𝐩𝐢𝐥 𝐌𝐚𝐧𝐢𝐚  • 𝐇𝐲𝐮𝐧𝐣𝐢𝐧 𝐏𝐫𝐢𝐧𝐜𝐞,73854,1469,965,5,False,,,13.3333
"RT @pakmul63: Waduuh bisa banjir laporan di kantor mas wapres ini.

Tebak-tebakan:
“Lapor Mas Wapres” ditutup pasca Prabowo pulang dari LN.…",@Elhami235711,2024-11-14 03:12:35,in,,0,28,,Elhami,I am a human being Sacrificed for اللٌه,19719,1194,386,0,False,,,0
"RT @mawakresna: Layanan Lapor Mas Wapres itu cuma gimmick, karena sebenarnya udah ada Ombudsman yang fungsinya kurang lebih sama. 

Laporan…",@toddysolo79,2024-11-14 03:11:56,in,,0,299,,Kurnia,"Pembaca Buku, Pekerja Keras & Suka bersosialisasi

INDONESIA 🇮🇩, I LOVE YOU 💝",12508,3923,2055,1,False,,,10
"RT @msaid_didu: Sengketa pisang.
Ada yg mau lapor ke layanan Lapor Mas Wapres https://t.co/vKJCx50sDR",@Raju71716287,2024-11-14 03:11:55,in,,0,62,,Raju Musba,,18893,351,144,0,False,,,12.5
"RT @NenkMonica: Nah loh....
Salah satu media terkemuka di Asia yang berbasis di Singapura, Channel News Asia, menyoroti layanan ""Lapor Mas…",@putusayangg,2024-11-14 03:11:48,in,,0,3280,,Charyn,ISTP 🍙. Don’t follow. I talk to myself too much,187158,1653,1030,6,False,,,7.14286
"RT @ekstapol: https://t.co/0LuaPEI5Ga

Ini gaiss, semoga kalian langganan Tempo yaa❤️😊 https://t.co/epkK2qNWMi",@akunalterub,2024-11-14 03:11:38,in,,0,305,,Eiden.,alter ego.,3729,434,242,0,False,,,0
"RT @abu_waras: Lambe Waras: Layanan ""Lapor Mas Wapres""  Kebijakan Layanan Yang Bisa Dijalankan Di Level Kelurahan. https://t.co/kq4VWA69Zd",@AbiTsuraya,2024-11-14 03:11:27,in,,0,661,,Abi,Pengharap ridho ALLAH SWT,22187,1310,1185,3,False,,,16.6667
"RT @pakmul63: Waduuh bisa banjir laporan di kantor mas wapres ini.

Tebak-tebakan:
“Lapor Mas Wapres” ditutup pasca Prabowo pulang dari LN.…",@harissp32,2024-11-14 03:11:27,in,,0,28,,Abdul Harissp32,orang biasa yang ingin melihat dan merasakan sendiri indonesia maju gemah ripah loh jinawi,46057,215,359,0,False,,,0
"RT @NenkMonica: Nah loh....
Salah satu media terkemuka di Asia yang berbasis di Singapura, Channel News Asia, menyoroti layanan ""Lapor Mas…",@winsuncream,2024-11-14 03:11:11,in,,0,3280,,W,"80% SBT ACC
Mostly looking for
Winwin Yangyang
INTO1 Lin Mo
GMM artists esp Tay Singto Ford",23630,678,154,0,False,,,7.14286
"RT @Cendana_20: BUMERANG
LAPOR MAS WAPRES
KEJAHATAN BPK JOKOWI SELAMA 10 TH
#LaporkanJokowiKeMasWapres 
#LaporkanJokowiKeMasWapres 
BAHWA J…",@UdaBroo,2024-11-14 03:11:08,in,,0,233,,Mas Bro,,16271,1029,72,0,False,,,0
"RT @NenkMonica: Nah loh....
Salah satu media terkemuka di Asia yang berbasis di Singapura, Channel News Asia, menyoroti layanan ""Lapor Mas…",@Oedjhie2,2024-11-14 03:10:47,in,,0,3280,,🇮🇩🤘 Kebul Damri 97👆🏴,"Demen Re-tweet yang masih waras, dan berakal sehat..!",82079,2147,835,0,False,,,7.14286
"@NenkMonica ""Lapor Mas Wapres @gibran_tweet, WC tetangga sebelam mampet"".",@CecepLagi,2024-11-14 03:10:41,in,,1,0,@NenkMonica,Puja Kelam,Putera Jawa Kelahiran Lampung,56545,921,1016,0,False,,,12.5
"RT @FayaAtika: Wkwkwk.... Kaum low quality emang mudah di bodohi... 

Percayalah.. Lapor Mas Wapres cuma konten biar dibilang brilian oleh…",@EKubang,2024-11-14 03:10:34,in,,0,2058,,Hamba Allah,,30852,544,445,0,False,,,13.3333
"Reza Indragiri tanya:
Apa benar kata Roy Suryo: akun Fufufafa milik Gibran anaknya Joko Widodo

Layanan Lapor Wapres jawab:
Terimakasih atas laporan anda, kami akan SEGERA MERESPON LAPORAN ANDA

Respon ditunggu 1x24 jam

Prabowo Subianto
Gerindra
DPR RI
https://t.co/XpDMyamBQ6",@Mat16_16,2024-11-14 03:10:32,in,,0,0,,💕 INRI,"o Maria,
concepta sine peccato
ora pro nobis qui ad te confugimus",9931,0,60,0,False,,,-3.84615
"RT @NenkMonica: Nah loh....
Salah satu media terkemuka di Asia yang berbasis di Singapura, Channel News Asia, menyoroti layanan ""Lapor Mas…",@thisisdee_,2024-11-14 03:10:27,in,,0,3280,,유디라 아싷,"I believe that the sun will replace the haze, and there will be light after the darkness, and I believe in love.",37641,461,312,4,False,,,7.14286
"RT @NenkMonica: Nah loh....
Salah satu media terkemuka di Asia yang berbasis di Singapura, Channel News Asia, menyoroti layanan ""Lapor Mas…",@anggagrab7,2024-11-14 03:10:08,in,,0,3280,,Anak Magang,udah biasa,32,7,1,0,False,,,7.14286
RT @BelengBeleng687: @Yoechan_ @DolfieOtay @baronko_cole @b3l4h4nh4t1ku_ @TukuQ_86300 @A5l1n9_4la_m_ @ArdieSuhardi321 @OktermanLkmn @se_rad…,@FitraYouse,2024-11-14 03:09:54,in,,0,10,,cordova🇮🇩gain,"#gakfollowporno 
#KiriMinggirMenjauhDariIndonesia🇲🇨",32746,4153,4115,0,False,,,0
"RT @Cendana_20: BUMERANG
LAPOR MAS WAPRES
KEJAHATAN BPK JOKOWI SELAMA 10 TH
#LaporkanJokowiKeMasWapres 
#LaporkanJokowiKeMasWapres 
BAHWA J…",@zoelf1k4r,2024-11-14 03:09:38,in,,0,233,,Oepick,,14243,492,120,0,False,,,0
"RT @ekstapol: https://t.co/0LuaPEI5Ga

Ini gaiss, semoga kalian langganan Tempo yaa❤️😊 https://t.co/epkK2qNWMi",@auliadistiani,2024-11-14 03:09:27,in,,0,305,,naul,,1628,636,294,0,False,,,0
"RT @ekstapol: https://t.co/0LuaPEI5Ga

Ini gaiss, semoga kalian langganan Tempo yaa❤️😊 https://t.co/epkK2qNWMi",@qualiATEif,2024-11-14 03:09:13,in,,0,305,,vaaaaaan,"V IS LOOKING FOR INFORMANTS, URGENTLY NEEDED! | Kindly check my pinned please🥺",1703,71,62,0,False,,,0
"RT @Cendana_20: BUMERANG
LAPOR MAS WAPRES
KEJAHATAN BPK JOKOWI SELAMA 10 TH
#LaporkanJokowiKeMasWapres 
#LaporkanJokowiKeMasWapres 
BAHWA J…",@hdsambodo,2024-11-14 03:08:38,in,,0,233,,Hudi Sambodo,,240751,603,634,0,False,,,0
"RT @NenkMonica: Nah loh....
Salah satu media terkemuka di Asia yang berbasis di Singapura, Channel News Asia, menyoroti layanan ""Lapor Mas…",@teasegar,2024-11-14 03:08:28,in,,0,3280,,rara🇵🇸 | TITIP SHOPEE VIDEO DM🥰,INFP | currently livin’ in a cruel world🤷🏻‍♀️,14787,587,386,0,False,,,7.14286
"RT @msaid_didu: Sengketa pisang.
Ada yg mau lapor ke layanan Lapor Mas Wapres https://t.co/vKJCx50sDR",@RMuhammadAli1,2024-11-14 03:08:24,in,,0,62,,R Muhammad Ali,,41199,491,168,0,False,,,12.5
"RT @FayaAtika: Wkwkwk.... Kaum low quality emang mudah di bodohi... 

Percayalah.. Lapor Mas Wapres cuma konten biar dibilang brilian oleh…",@anonreader08,2024-11-14 03:08:24,in,,0,2058,,Zekai Gaming,,4006,68,14,0,False,,,13.3333
"RT @msaid_didu: PROGRAM  LAPOR MAS WAPRES LANGKAH MUNDUR 36 TAHUN.

1) *Langkah Mundur 36 tahun*. Pengaduan masyarakat seperti ini sdh dimu…",@imutimutmu,2024-11-14 03:08:20,in,,0,250,,Imut,"pencinta sastra dan bitcoin
#GakFollowPorno",128560,1313,1390,0,False,,,-7.69231
"RT @Cendana_20: BUMERANG
LAPOR MAS WAPRES
KEJAHATAN BPK JOKOWI SELAMA 10 TH
#LaporkanJokowiKeMasWapres 
#LaporkanJokowiKeMasWapres 
BAHWA J…",@andikaws,2024-11-14 03:08:05,in,,0,233,,andika,,93034,17,198,1,False,,,0
"RT @msaid_didu: Sengketa pisang.
Ada yg mau lapor ke layanan Lapor Mas Wapres https://t.co/vKJCx50sDR",@pejuangkantin99,2024-11-14 03:08:02,in,,0,62,,Pejuangkantin,Pejuang kantin SD,50380,480,424,0,False,,,12.5
"RT @msaid_didu: PROGRAM  LAPOR MAS WAPRES LANGKAH MUNDUR 36 TAHUN.

1) *Langkah Mundur 36 tahun*. Pengaduan masyarakat seperti ini sdh dimu…",@R4Y99,2024-11-14 03:08:02,in,,0,250,,R4Y 🍉🍉🇲🇨🇵🇸,"🔞 NOPORN

#PERUBAHAN
#INDONESIANEEDREFORMASI",17236,2049,1203,4,False,,,-7.69231
"RT @mawakresna: Layanan Lapor Mas Wapres itu cuma gimmick, karena sebenarnya udah ada Ombudsman yang fungsinya kurang lebih sama. 

Laporan…",@prasetiowardoyo,2024-11-14 03:08:00,in,,0,299,,M. Prasetio Wardoyo,"Belajar dari manapun, dari siapapun, sampai kapanpun
Sursum moveor!",30043,893,398,2,False,,,10
"RT @ekstapol: https://t.co/0LuaPEI5Ga

Ini gaiss, semoga kalian langganan Tempo yaa❤️😊 https://t.co/epkK2qNWMi",@OmTivi,2024-11-14 03:07:57,in,,0,305,,comifuro19 ab-29 | kakanda sayang bakpa(om),"he/him | 30 | orv, slow damage, priest | draws little, curses a lot, spams rts, and is very passionate about books (also earth sciences) | iwai stan | 🔞",89867,332,385,13,False,,,0
"RT @mawakresna: Layanan Lapor Mas Wapres itu cuma gimmick, karena sebenarnya udah ada Ombudsman yang fungsinya kurang lebih sama. 

Laporan…",@ArdiPramudito,2024-11-14 03:07:47,in,,0,299,,Ardi P.,"Part-time storyteller, full-time wanderer.",4666,237,198,0,False,,,10
"RT @msaid_didu: PROGRAM  LAPOR MAS WAPRES LANGKAH MUNDUR 36 TAHUN.

1) *Langkah Mundur 36 tahun*. Pengaduan masyarakat seperti ini sdh dimu…",@belsbibib,2024-11-14 03:07:45,in,,0,250,,laa 🏃🏻‍♀️,this too shall pass away,26439,159,143,1,False,,,-7.69231
RT @1TBHUdBdfmUuQDj: Pagii rabu sarapan lapor mas wapres vip c ready siang https://t.co/cL8v66Cy1k https://t.co/LlQaENkW8F,@PpKk669840,2024-11-14 03:07:39,in,,0,64,,Pp Kk,,1,16,1,0,False,,,18.1818
"RT @FayaAtika: Wkwkwk.... Kaum low quality emang mudah di bodohi... 

Percayalah.. Lapor Mas Wapres cuma konten biar dibilang brilian oleh…",@Rawing1274,2024-11-14 03:07:35,in,,0,2058,,Hyung Nim,Sepi,15391,697,626,0,False,,,13.3333
"RT @ekstapol: https://t.co/0LuaPEI5Ga

Ini gaiss, semoga kalian langganan Tempo yaa❤️😊 https://t.co/epkK2qNWMi",@Cl_aire_P,2024-11-14 03:07:34,in,,0,305,,Claire 🍉❤️🖤🤍💚,"A she/her ♀. I enjoy stories, arts, and games. From the river to the sea 🍉",260981,750,824,18,False,,,0
"RT @FayaAtika: Wkwkwk.... Kaum low quality emang mudah di bodohi... 

Percayalah.. Lapor Mas Wapres cuma konten biar dibilang brilian oleh…",@hdlsoo_,2024-11-14 03:07:28,in,,0,2058,,aul 🐮,"12🐧 11🐻 93🦊 | Semoga owner akun ini segera menjadi sapi hiphop, tdk menjadi sapi bengong terus.
Makasih dah bantu doa🙂🙏",56993,428,376,0,False,,,13.3333
"RT @PngAdilnR4kyt: KANAL LAPOR MAS WAPRES ADALAH AKAL-AKALAN SI FUFUFAFA AGAR PENGEN NONGOL TERUS DI MEDIA, BIAR KELIHATAN EKSIS....

KOCAK…",@rinaldi_niki,2024-11-14 03:07:22,in,,0,324,,Rinaldi Kaharudin,ray,24122,2502,1412,0,False,,,0
"RT @abu_waras: Lambe Waras: Layanan ""Lapor Mas Wapres""  Kebijakan Layanan Yang Bisa Dijalankan Di Level Kelurahan. https://t.co/kq4VWA69Zd",@Ecl4te,2024-11-14 03:07:11,in,,0,661,,Gaharu 2,"#HutanSumberKehidupan 
#LestarikanHutanKita 
#SaveTropicalForestIndonesia",3738,2328,2729,0,False,,,16.6667
"RT @Cendana_20: BUMERANG
LAPOR MAS WAPRES
KEJAHATAN BPK JOKOWI SELAMA 10 TH
#LaporkanJokowiKeMasWapres 
#LaporkanJokowiKeMasWapres 
BAHWA J…",@KrisnaGuritno,2024-11-14 03:06:44,in,,0,233,,Krisna Guritno,sepertiga malam terakhir,20200,971,75,0,False,,,0
"RT @msaid_didu: PROGRAM  LAPOR MAS WAPRES LANGKAH MUNDUR 36 TAHUN.

1) *Langkah Mundur 36 tahun*. Pengaduan masyarakat seperti ini sdh dimu…",@JokoSan134,2024-11-14 03:06:38,in,,0,250,,Joko Santoso,,45839,191,166,0,False,,,-7.69231
"[ LAPOR MAS WAPRES ]
Layanan ""Lapor Mas Wapres"" resmi diluncurkan 11 November 2024 kemarin. Layanan ini dapat diakses oleh masyarakat secara langsung dengan datang ke Istana Wakil Presiden dibuka pada Senin hingga Jumat, pukul 08.00 s.d. 14.00 WIB https://t.co/UGAfzoFaf2",@elisafmradio,2024-11-14 03:06:37,in,,0,0,,Elisa FM Salatiga,Radio Elisa 103.9 FM The Victorious Station,342,12,590,5,False,,,10.5263
"@_BangFu Apakah nanti ""Lapor Mas Wapres"" lebih lucu dari ""Lapok Pak""?",@dimskp,2024-11-14 03:06:36,in,,0,0,@_BangFu,HEY DIMS!,"-Hidup ini memang tidak adil, jadi siapkan dirimu- (Patrick Star)",6903,259,76,1,False,,,16.6667
"RT @ekstapol: https://t.co/0LuaPEI5Ga

Ini gaiss, semoga kalian langganan Tempo yaa❤️😊 https://t.co/epkK2qNWMi",@Arthuria_ST347,2024-11-14 03:06:35,in,,0,305,,Arthur Stefanus,"Atasan Presiden Republik Indonesia.
Sejarawan Independen.
Butuh Ingfo Magang Jurnalis.",1532,162,50,0,False,,,0
"RT @ekstapol: https://t.co/0LuaPEI5Ga

Ini gaiss, semoga kalian langganan Tempo yaa❤️😊 https://t.co/epkK2qNWMi",@serisong,2024-11-14 03:06:34,in,,0,305,,tinker 송 30,"summer blue sky with yellow pep
🍀💎🍋🎤🏠 
kdrama enthu #DAY6 #SEVENTEEN #eaJ #IU #BOYNEXTDOOR
I STAND WITH 🇵🇸",19538,700,374,2,False,,,0
"RT @ekstapol: https://t.co/0LuaPEI5Ga

Ini gaiss, semoga kalian langganan Tempo yaa❤️😊 https://t.co/epkK2qNWMi",@kekcrumbs,2024-11-14 03:06:33,in,,0,305,,🍪,Trust in God's timing • Full of happiness 💫,34584,1144,920,0,False,,,0
"RT @ekstapol: https://t.co/0LuaPEI5Ga

Ini gaiss, semoga kalian langganan Tempo yaa❤️😊 https://t.co/epkK2qNWMi",@Warticfox,2024-11-14 03:06:29,in,,0,305,,artic fox 🦊🍉,,15036,2135,717,0,False,,,0
"RT @msaid_didu: PROGRAM  LAPOR MAS WAPRES LANGKAH MUNDUR 36 TAHUN.

1) *Langkah Mundur 36 tahun*. Pengaduan masyarakat seperti ini sdh dimu…",@Ragadi15,2024-11-14 03:06:28,in,,0,250,,Ragadi,"ini akun Politik, tujuan politik hanya 1 yaitu mencapai Tujuannya ! 
Homo Homini Lupus-Si Vis Pacem Para Bellum-PRIMUS INTERPARES  !",9560,340,133,0,False,,,-7.69231
"RT @TangkasTaruna: Sejauh ini, ini yg paling jauh statmen dedi mulyadi nyinyir @golkar_id

Viral Tom lembong dedi mulyadi Lapor Mas Wapres…",@Julius_And,2024-11-14 03:06:16,in,,0,2,,Julius Andre,"I'm free to decide, no smoke, justice freedom, Oil, I just want to be useful for many people",173,592,305,0,False,,,7.14286
"RT @NenkMonica: Nah loh....
Salah satu media terkemuka di Asia yang berbasis di Singapura, Channel News Asia, menyoroti layanan ""Lapor Mas…",@Boeluxs1,2024-11-14 03:06:10,in,,0,3280,,Ardha,,76213,5863,428,3,False,,,7.14286
"RT @msaid_didu: PROGRAM  LAPOR MAS WAPRES LANGKAH MUNDUR 36 TAHUN.

1) *Langkah Mundur 36 tahun*. Pengaduan masyarakat seperti ini sdh dimu…",@KanjengRomoBram,2024-11-14 03:06:09,in,,0,250,,RomoBram,Penikmat ingpo hotnews,46312,75,175,0,False,,,-7.69231
"@Penyair_Berdiri Media Asing Soroti `Lapor Mas Wapres`: Dianggap Aneh-Kurang Dipercaya 

Salah satu media terkemuka di Asia yang berbasis di Singapura, Channel News Asia, menyoroti layanan “Lapor Mas Wapres"" yang dianggap kontroversi.
https://t.co/X9Vwptie0L",@lawjusticeco,2024-11-14 03:06:05,in,,0,0,@Penyair_Berdiri,Law-Justice.co | News & Investigation,Portal Berita dan Investigasi,83016,259,7517,12,False,,,-7.69231
"RT @ekstapol: https://t.co/0LuaPEI5Ga

Ini gaiss, semoga kalian langganan Tempo yaa❤️😊 https://t.co/epkK2qNWMi",@taviariss,2024-11-14 03:05:45,in,,0,305,,aro ❄,"talk about k-idols and dramas, sometimes talk about books too - a wallflower - a homebody",38947,360,213,2,False,,,0
"@pakmul63 @msaid_didu Media Asing Soroti `Lapor Mas Wapres`: Dianggap Aneh-Kurang Dipercaya 

Salah satu media terkemuka di Asia yang berbasis di Singapura, Channel News Asia, menyoroti layanan “Lapor Mas Wapres"" yang dianggap kontroversi.
https://t.co/X9Vwptie0L",@lawjusticeco,2024-11-14 03:05:43,in,,0,0,@pakmul63,Law-Justice.co | News & Investigation,Portal Berita dan Investigasi,83016,259,7517,12,False,,,-7.40741
"RT @PngAdilnR4kyt: KANAL LAPOR MAS WAPRES ADALAH AKAL-AKALAN SI FUFUFAFA AGAR PENGEN NONGOL TERUS DI MEDIA, BIAR KELIHATAN EKSIS....

KOCAK…",@Sunarti25231614,2024-11-14 03:05:32,in,,0,324,,Sunarti,,173371,1165,1516,0,False,,,0
"@5lamate @bukupembaharu @Abe_Mukti Media Asing Soroti `Lapor Mas Wapres`: Dianggap Aneh-Kurang Dipercaya 

Salah satu media terkemuka di Asia yang berbasis di Singapura, Channel News Asia, menyoroti layanan “Lapor Mas Wapres"" yang dianggap kontroversi.
https://t.co/X9Vwptie0L",@lawjusticeco,2024-11-14 03:05:11,in,,0,0,@5lamate,Law-Justice.co | News & Investigation,Portal Berita dan Investigasi,83016,259,7517,12,False,,,-7.14286
"@CNNIndonesia Gasssss dalam dalam. Jangan kasih kendorrr

Bongkar sindikat club malamnya. Cek narkoba,judol.
Bekingan? Hajar jg kalo perlu. Lapor mas wapres
😁",@Ronaldxcviii,2024-11-14 03:05:11,in,,0,0,@CNNIndonesia,RonZ,,13186,60,57,0,False,,,11.1111
